2011/4/8
hh:mm:ss,mode0,mode1,mod2
0:0:0,NaN,NaN,NaN
1:0:0,NaN,NaN,NaN
2:0:0,NaN,NaN,NaN
3:0:0,NaN,NaN,NaN
4:0:0,NaN,NaN,NaN
5:0:0,NaN,NaN,NaN
6:0:0,NaN,NaN,NaN
7:0:0,NaN,NaN,NaN
8:0:0,NaN,NaN,NaN
9:0:0,NaN,NaN,NaN
10:0:0,NaN,NaN,NaN
11:0:0,NaN,NaN,NaN
12:0:0,NaN,NaN,NaN
13:0:0,NaN,NaN,NaN
14:0:0,NaN,NaN,NaN
15:0:0,NaN,NaN,NaN
16:0:0,NaN,NaN,NaN
17:0:0,NaN,NaN,NaN
18:0:0,NaN,NaN,NaN
19:0:0,NaN,NaN,NaN
20:0:0,NaN,NaN,NaN
21:0:0,NaN,NaN,NaN
22:0:0,NaN,NaN,NaN
23:0:0,NaN,NaN,NaN
